/*==============================================================*/
/* INSERTION DES LIGNES                                           */
/*==============================================================*/

REM Insertion des CLIENT


insert into CLIENT(CLNUM,CLNOM,CLPRENOM,CLCP,CLVILLE,CLTEL)
values(1,'TORRES','ALAIN',06200,'NICE','6779797969');

insert into CLIENT(CLNUM,CLNOM,CLPRENOM,CLCP,CLVILLE,CLTEL)
values(2,'BAZRA','GIL',06000,'NICE','7898989098');

insert into CLIENT(CLNUM,CLNOM,CLPRENOM,CLCP,CLVILLE,CLTEL)
values(3,'KALOU','PIERRE',13000,'MARSEILLE','7454768937');

insert into CLIENT(CLNUM,CLNOM,CLPRENOM,CLCP,CLVILLE,CLTEL)
values(4,'KAKRA','JEAN',74100,'ANNEMASSE','6456789348');

insert into CLIENT(CLNUM,CLNOM,CLPRENOM,CLCP,CLVILLE,CLTEL)
values(5,'ADEBAYOR','KOKOU',84000,'TOULON','7818969098');

insert into CLIENT(CLNUM,CLNOM,CLPRENOM,CLCP,CLVILLE,CLTEL)
values(6,'NOEL','AUDREY',06100,'NICE','7554778938');

insert into CLIENT(CLNUM,CLNOM,CLPRENOM,CLCP,CLVILLE,CLTEL)
values(7,'HENRY','POTER',75000,'PARIS','6406089648');

insert into CLIENT(CLNUM,CLNOM,CLPRENOM,CLCP,CLVILLE,CLTEL)
values(8,'EDJINEDJA','LARIS',06200,'NICE','6888969999');

insert into CLIENT(CLNUM,CLNOM,CLPRENOM,CLCP,CLVILLE,CLTEL)
values(9,'BAUVIER','BAUVOIR',06400,'NICE','8554778935');

insert into CLIENT(CLNUM,CLNOM,CLPRENOM,CLCP,CLVILLE,CLTEL)
values(10,'THIAGO','MOTA',01000,'BOURG','7888469999');

insert into CLIENT(CLNUM,CLNOM,CLPRENOM,CLCP,CLVILLE,CLTEL)
values(11,'ZANGBETO','CHLOER',10000,'TROYES','7554778936');

insert into CLIENT(CLNUM,CLNOM,CLPRENOM,CLCP,CLVILLE,CLTEL)
values(12,'AYELE','ZARR',11000,'CARCASSONNE','7534767936');

REM Insertion des TARIF


insert into TARIF(TANUMERO,TAPRIX)
values(1,800);

insert into TARIF(TANUMERO,TAPRIX)
values(2,700);

insert into TARIF(TANUMERO,TAPRIX)
values(3,1000);

insert into TARIF(TANUMERO,TAPRIX)
values(4,200);

insert into TARIF(TANUMERO,TAPRIX)
values(5,10000);

insert into TARIF(TANUMERO,TAPRIX)
values(6,1000);

insert into TARIF(TANUMERO,TAPRIX)
values(7,2100);

insert into TARIF(TANUMERO,TAPRIX)
values(8,1200);

insert into TARIF(TANUMERO,TAPRIX)
values(9,15000);

insert into TARIF(TANUMERO,TAPRIX)
values(10,6000);

insert into TARIF(TANUMERO,TAPRIX)
values(11,6000);


insert into TARIF(TANUMERO,TAPRIX)
values(12,1200);

REM Insertion des PROPRIETAIRE


insert into PROPRIETAIRE(PRNUMERO,PRNOM,PRPRENOM,PRCP,PRVILLE,PRTEL,PREMAIL)
values(1,'ALBERT','EINSTEIN','06100','NICE','6745689023','ALBERTEINS@GMAIL.COM');

insert into PROPRIETAIRE(PRNUMERO,PRNOM,PRPRENOM,PRCP,PRVILLE,PRTEL,PREMAIL)
values(2,'FREDERICK','CHOPIN','75000','PARIS','4745889023','CHOPFRED@GMAIL.COM');

insert into PROPRIETAIRE(PRNUMERO,PRNOM,PRPRENOM,PRCP,PRVILLE,PRTEL,PREMAIL)
values(3,'MAURICE','JUL','21000','DIJON','6749009023','MAURICEJUL@GMAIL.COM');

insert into PROPRIETAIRE(PRNUMERO,PRNOM,PRPRENOM,PRCP,PRVILLE,PRTEL,PREMAIL)
values(4,'MOZART','AMADEUS','30000','NIMES','7745729023','MOZAMADEUS@GMAIL.COM');

insert into PROPRIETAIRE(PRNUMERO,PRNOM,PRPRENOM,PRCP,PRVILLE,PRTEL,PREMAIL)
values(5,'BUBBA','VALERIE','33000','BORDEAUX','6741267023','VALBUBBA@GMAIL.COM');

insert into PROPRIETAIRE(PRNUMERO,PRNOM,PRPRENOM,PRCP,PRVILLE,PRTEL,PREMAIL)
values(6,'IBRAHIM','LINCOLN','34000','MONTPELIER','4744569023','LINCOLNIBRA@GMAIL.COM');

insert into PROPRIETAIRE(PRNUMERO,PRNOM,PRPRENOM,PRCP,PRVILLE,PRTEL,PREMAIL)
values(7,'MAUD','MARIE','21000','DIJON','6744901223','MARIEMAUD@GMAIL.COM');

insert into PROPRIETAIRE(PRNUMERO,PRNOM,PRPRENOM,PRCP,PRVILLE,PRTEL,PREMAIL)
values(8,'BEETHOVEN','HENRY','33000','BORDEAUX','7942729023','HENRYBEET@GMAIL.COM');

insert into PROPRIETAIRE(PRNUMERO,PRNOM,PRPRENOM,PRCP,PRVILLE,PRTEL,PREMAIL)
values(9,'KULHAU','MARC','06100','NICE','9709489067','MARCKULHAU@GMAIL.COM');

insert into PROPRIETAIRE(PRNUMERO,PRNOM,PRPRENOM,PRCP,PRVILLE,PRTEL,PREMAIL)
values(10,'FREDERICK','HEANDEL','75000','PARIS','4710389023','HEANDELFRED@GMAIL.COM');

insert into PROPRIETAIRE(PRNUMERO,PRNOM,PRPRENOM,PRCP,PRVILLE,PRTEL,PREMAIL)
values(11,'ZO','FELIX','21000','DIJON','6749037523','FELIXZO@GMAIL.COM');

insert into PROPRIETAIRE(PRNUMERO,PRNOM,PRPRENOM,PRCP,PRVILLE,PRTEL,PREMAIL)
values(12,'CARTER','TAYLOR','30000','NIMES','9445798023','TAYLORCARTER@GMAIL.COM'); 




REM Insertion des EMPLOYE



insert into EMPLOYE(EMNUMERO,EMNOM,EMPRENOM,EMPROFESSION,EMVILLE,EMCODEPOSTAL,EMPAYS,EMDNAISS,EMDEMB,EMSALAIRE)
values(1,'DEMBELE','OUSSMAN','AGENTENTRETIENT','NICE',06000,'FRANCE',to_date('01-10-1975','DD-MM-YYYY'),to_date('01-10-2016','DD-MM-YYYY'),2500);

insert into EMPLOYE(EMNUMERO,EMNOM,EMPRENOM,EMPROFESSION,EMVILLE,EMCODEPOSTAL,EMPAYS,EMDNAISS,EMDEMB,EMSALAIRE)
values(2,'NOHA','AMBRE','AGENTACCEUIL','MARSEILLE',13000,'FRANCE',to_date('11-04-1980','DD-MM-YYYY'),to_date('01-10-2017','DD-MM-YYYY'),2700);

insert into EMPLOYE(EMNUMERO,EMNOM,EMPRENOM,EMPROFESSION,EMVILLE,EMCODEPOSTAL,EMPAYS,EMDNAISS,EMDEMB,EMSALAIRE)
values(3,'CAMILLE','CLAIR','AGENTENTRETIENT','MONTPELLIER',34000,'FRANCE',to_date('07-10-1977','DD-MM-YYYY'),to_date('11-10-2016','DD-MM-YYYY'),2500);

insert into EMPLOYE(EMNUMERO,EMNOM,EMPRENOM,EMPROFESSION,EMVILLE,EMCODEPOSTAL,EMPAYS,EMDNAISS,EMDEMB,EMSALAIRE)
values(4,'HASARD','EDEN','AGENTENTRETIENT','NIMES',30000,'FRANCE',to_date('15-06-1988','DD-MM-YYYY'),to_date('01-10-2019','DD-MM-YYYY'),2500);

insert into EMPLOYE(EMNUMERO,EMNOM,EMPRENOM,EMPROFESSION,EMVILLE,EMCODEPOSTAL,EMPAYS,EMDNAISS,EMDEMB,EMSALAIRE)
values(5,'BLANDINE','PASCAL','AGENTENTACCEUIL','NICE',06000,'FRANCE',to_date('12-08-1990','DD-MM-YYYY'),to_date('01-05-2017','DD-MM-YYYY'),2760);

insert into EMPLOYE(EMNUMERO,EMNOM,EMPRENOM,EMPROFESSION,EMVILLE,EMCODEPOSTAL,EMPAYS,EMDNAISS,EMDEMB,EMSALAIRE)
values(6,'RAY','LEO','AGENTENTRETIENT','BORDEAUX',33000,'FRANCE',to_date('09-10-1975','DD-MM-YYYY'),to_date('07-11-2018','DD-MM-YYYY'),2540);

insert into EMPLOYE(EMNUMERO,EMNOM,EMPRENOM,EMPROFESSION,EMVILLE,EMCODEPOSTAL,EMPAYS,EMDNAISS,EMDEMB,EMSALAIRE)
values(7,'RICO','EMMA','AGENTACCEUIL','NIMES',30000,'FRANCE',to_date('15-12-1972','DD-MM-YYYY'),to_date('01-01-2016','DD-MM-YYYY'),2712);

insert into EMPLOYE(EMNUMERO,EMNOM,EMPRENOM,EMPROFESSION,EMVILLE,EMCODEPOSTAL,EMPAYS,EMDNAISS,EMDEMB,EMSALAIRE)
values(8,'MENDY','MARCUS','AGENTENTRETIENT','MARSEILLE',13000,'FRANCE',to_date('12-02-1975','DD-MM-YYYY'),to_date('01-10-2016','DD-MM-YYYY'),2560);

insert into EMPLOYE(EMNUMERO,EMNOM,EMPRENOM,EMPROFESSION,EMVILLE,EMCODEPOSTAL,EMPAYS,EMDNAISS,EMDEMB,EMSALAIRE)
values(9,'FRED','ARY','AGENTACCEUIL','NICE',06000,'FRANCE',to_date('19-09-1985','DD-MM-YYYY'),to_date('01-12-2016','DD-MM-YYYY'),2560);

insert into EMPLOYE(EMNUMERO,EMNOM,EMPRENOM,EMPROFESSION,EMVILLE,EMCODEPOSTAL,EMPAYS,EMDNAISS,EMDEMB,EMSALAIRE)
values(10,'RIO','JANEIRO','AGENTENTRETIENT','TOULON',84000,'FRANCE',to_date('11-11-1971','DD-MM-YYYY'),to_date('11-11-2016','DD-MM-YYYY'),2511);

insert into EMPLOYE(EMNUMERO,EMNOM,EMPRENOM,EMPROFESSION,EMVILLE,EMCODEPOSTAL,EMPAYS,EMDNAISS,EMDEMB,EMSALAIRE)
values(11,'PETIT','GARCON','AGENTACCEUIL','TOULON',84000,'FRANCE',to_date('03-10-1975','DD-MM-YYYY'),to_date('01-10-2015','DD-MM-YYYY'),2800);

insert into EMPLOYE(EMNUMERO,EMNOM,EMPRENOM,EMPROFESSION,EMVILLE,EMCODEPOSTAL,EMPAYS,EMDNAISS,EMDEMB,EMSALAIRE)
values(12,'SOSA','SOFIE','AGENTENTRETIENT','NICE',06000,'FRANCE',to_date('01-10-1974','DD-MM-YYYY'),to_date('01-10-2012','DD-MM-YYYY'),2500);


REM Insertion des CONTRAT


insert into CONTRAT(CONUMERO,EMNUMERO,CLNUM,COETAT,CODC,CODD,CODF)
values(1,3,1,'OUI',to_date('04-07-2019','DD-MM-YYYY'),to_date('05-07-2019','DD-MM-YYYY'),to_date('06-07-2019','DD-MM-YYYY')); 

insert into CONTRAT(CONUMERO,EMNUMERO,CLNUM,COETAT,CODC,CODD,CODF)
values(2,6,3,'OUI',to_date('07-07-2019','DD-MM-YYYY'),to_date('08-07-2019','DD-MM-YYYY'),to_date('09-07-2019','DD-MM-YYYY'));

insert into CONTRAT(CONUMERO,EMNUMERO,CLNUM,COETAT,CODC,CODD,CODF)
values(3,8,7,'OUI',to_date('10-07-2019','DD-MM-YYYY'),to_date('11-07-2019','DD-MM-YYYY'),to_date('12-07-2019','DD-MM-YYYY'));

insert into CONTRAT(CONUMERO,EMNUMERO,CLNUM,COETAT,CODC,CODD,CODF)
values(4,1,9,'OUI',to_date('13-07-2019','DD-MM-YYYY'),to_date('14-07-2019','DD-MM-YYYY'),to_date('15-07-2019','DD-MM-YYYY'));

insert into CONTRAT(CONUMERO,EMNUMERO,CLNUM,COETAT,CODC,CODD,CODF)
values(5,5,10,'OUI',to_date('16-07-2019','DD-MM-YYYY'),to_date('17-07-2019','DD-MM-YYYY'),to_date('18-07-2019','DD-MM-YYYY'));

insert into CONTRAT(CONUMERO,EMNUMERO,CLNUM,COETAT,CODC,CODD,CODF)
values(6,11,5,'OUI',to_date('19-07-2019','DD-MM-YYYY'),to_date('20-07-2019','DD-MM-YYYY'),to_date('21-07-2019','DD-MM-YYYY'));

insert into CONTRAT(CONUMERO,EMNUMERO,CLNUM,COETAT,CODC,CODD,CODF)
values(7,12,4,'OUI',to_date('22-07-2019','DD-MM-YYYY'),to_date('23-07-2019','DD-MM-YYYY'),to_date('24-07-2019','DD-MM-YYYY'));

insert into CONTRAT(CONUMERO,EMNUMERO,CLNUM,COETAT,CODC,CODD,CODF)
values(8,2,11,'OUI',to_date('25-07-2019','DD-MM-YYYY'),to_date('26-07-2019','DD-MM-YYYY'),to_date('27-07-2019','DD-MM-YYYY'));

insert into CONTRAT(CONUMERO,EMNUMERO,CLNUM,COETAT,CODC,CODD,CODF)
values(9,7,8,'OUI',to_date('28-07-2019','DD-MM-YYYY'),to_date('28-07-2019','DD-MM-YYYY'),to_date('30-07-2019','DD-MM-YYYY'));

insert into CONTRAT(CONUMERO,EMNUMERO,CLNUM,COETAT,CODC,CODD,CODF)
values(10,4,6,'OUI',to_date('01-07-2019','DD-MM-YYYY'),to_date('02-07-2019','DD-MM-YYYY'),to_date('03-07-2019','DD-MM-YYYY'));

insert into CONTRAT(CONUMERO,EMNUMERO,CLNUM,COETAT,CODC,CODD,CODF)
values(11,10,10,'OUI',to_date('04-07-2019','DD-MM-YYYY'),to_date('05-07-2019','DD-MM-YYYY'),to_date('06-07-2019','DD-MM-YYYY'));

insert into CONTRAT(CONUMERO,EMNUMERO,CLNUM,COETAT,CODC,CODD,CODF)
values(12,9,12,'OUI',to_date('01-08-2019','DD-MM-YYYY'),to_date('02-08-2019','DD-MM-YYYY'),to_date('03-07-2019','DD-MM-YYYY'));

REM Insertion des BATEAU


insert into  BATEAU(BANUMERO,TANUMERO,CONUMERO,PRNUMERO,BANOM,BATYPE,BACAPACITER,BAPORT)
values(1,3,1,5,'TITANIC','VOILLIER',10,'NICE'); 

insert into  BATEAU(BANUMERO,TANUMERO,CONUMERO,PRNUMERO,BANOM,BATYPE,BACAPACITER,BAPORT)
values(2,4,2,2,'TITAN','YACHT',20,'TOULON'); 

insert into  BATEAU(BANUMERO,TANUMERO,CONUMERO,PRNUMERO,BANOM,BATYPE,BACAPACITER,BAPORT)
values(3,8,3,7,'JETYY','JETBOAT',30,'MONTPELLIER'); 

insert into  BATEAU(BANUMERO,TANUMERO,CONUMERO,PRNUMERO,BANOM,BATYPE,BACAPACITER,BAPORT)
values(4,5,4,4,'VED','VEDETTE',25,'NICE'); 

insert into  BATEAU(BANUMERO,TANUMERO,CONUMERO,PRNUMERO,BANOM,BATYPE,BACAPACITER,BAPORT)
values(5,10,5,1,'OFFCHY','OFFSHORE',35,'MARSEILLE'); 

insert into  BATEAU(BANUMERO,TANUMERO,CONUMERO,PRNUMERO,BANOM,BATYPE,BACAPACITER,BAPORT)
values(6,2,6,6,'CABANO','CABINECRUSIERS',15,'MARSEILLE'); 

insert into  BATEAU(BANUMERO,TANUMERO,CONUMERO,PRNUMERO,BANOM,BATYPE,BACAPACITER,BAPORT)
values(7,4,7,8,'CONCORDE','VOILLIER',10,'MARSEILLE'); 

insert into  BATEAU(BANUMERO,TANUMERO,CONUMERO,PRNUMERO,BANOM,BATYPE,BACAPACITER,BAPORT)
values(8,3,8,4,'OFFCOU','OFFSHORE',35,'NIMES'); 

insert into  BATEAU(BANUMERO,TANUMERO,CONUMERO,PRNUMERO,BANOM,BATYPE,BACAPACITER,BAPORT)
values(9,7,9,2,'CABANA','CABINECRUSIERS',15,'NICE'); 

insert into  BATEAU(BANUMERO,TANUMERO,CONUMERO,PRNUMERO,BANOM,BATYPE,BACAPACITER,BAPORT)
values(10,5,10,11,'ZIPETTE','VOILLIER',10,'TOULON'); 

insert into  BATEAU(BANUMERO,TANUMERO,CONUMERO,PRNUMERO,BANOM,BATYPE,BACAPACITER,BAPORT)
values(11,10,11,5,'OFFBOOBA','OFFSHORE',35,'MARSEILLE'); 

insert into  BATEAU(BANUMERO,TANUMERO,CONUMERO,PRNUMERO,BANOM,BATYPE,BACAPACITER,BAPORT)
values(12,7,12,4,'CAKARIS','CABINECRUSIERS',15,'NIMES'); 

REM Insertion des TRAJET


insert into TRAJET (TRNUMERO,TRDD,TRDA,TRPD,TRPA)
values(1,to_date('05-07-2019','DD-MM-YYYY'),to_date('06-07-2019','DD-MM-YYYY'),'NICE','MARSEILLE'); 

insert into TRAJET (TRNUMERO,TRDD,TRDA,TRPD,TRPA)
values(2,to_date('08-07-2019','DD-MM-YYYY'),to_date('09-07-2019','DD-MM-YYYY'),'MARSEILLE','NIMES');

insert into TRAJET (TRNUMERO,TRDD,TRDA,TRPD,TRPA)
values(3,to_date('11-07-2019','DD-MM-YYYY'),to_date('12-07-2019','DD-MM-YYYY'),'NICE','MONTPELLIER');

insert into TRAJET (TRNUMERO,TRDD,TRDA,TRPD,TRPA)
values(4,to_date('14-07-2019','DD-MM-YYYY'),to_date('15-07-2019','DD-MM-YYYY'),'TOULON','MARSEILLE');

insert into TRAJET (TRNUMERO,TRDD,TRDA,TRPD,TRPA)
values(5,to_date('17-07-2019','DD-MM-YYYY'),to_date('18-07-2019','DD-MM-YYYY'),'NICE','MARSEILLE');

insert into TRAJET (TRNUMERO,TRDD,TRDA,TRPD,TRPA)
values(6,to_date('20-07-2019','DD-MM-YYYY'),to_date('21-07-2019','DD-MM-YYYY'),'MARSEILLE','NICE');

insert into TRAJET (TRNUMERO,TRDD,TRDA,TRPD,TRPA)
values(7,to_date('23-07-2019','DD-MM-YYYY'),to_date('24-07-2019','DD-MM-YYYY'),'MONTPELLIER','MONTPELLIER');

insert into TRAJET (TRNUMERO,TRDD,TRDA,TRPD,TRPA)
values(8,to_date('26-07-2019','DD-MM-YYYY'),to_date('27-07-2019','DD-MM-YYYY'),'TOULON','MARSEILLE');

insert into TRAJET (TRNUMERO,TRDD,TRDA,TRPD,TRPA)
values(9,to_date('29-07-2019','DD-MM-YYYY'),to_date('30-07-2019','DD-MM-YYYY'),'NIMES','NIMES');

insert into TRAJET (TRNUMERO,TRDD,TRDA,TRPD,TRPA)
values(10,to_date('02-07-2019','DD-MM-YYYY'),to_date('03-07-2019','DD-MM-YYYY'),'TOULON','NICE');

insert into TRAJET (TRNUMERO,TRDD,TRDA,TRPD,TRPA)
values(11,to_date('02-08-2019','DD-MM-YYYY'),to_date('03-08-2019','DD-MM-YYYY'),'MONTPELLIER','MONTPELLIER');

insert into TRAJET (TRNUMERO,TRDD,TRDA,TRPD,TRPA)
values(12,to_date('05-08-2019','DD-MM-YYYY'),to_date('06-08-2019','DD-MM-YYYY'),'NICE','MARSEILLE');

REM Insertion des PORT


insert into PORT(PONUMERO , PONOM , POCAP , POVILLE)
values(1,'NISSA',50,'NICE');

insert into PORT(PONUMERO , PONOM , POCAP , POVILLE)
values(2,'VIEUXPORT',20,'MARSEILLE');

insert into PORT(PONUMERO , PONOM , POCAP , POVILLE)
values(3,'TOULON',50,'TOULON');

insert into PORT(PONUMERO , PONOM , POCAP , POVILLE)
values(4,'NIMES',150,'NIMES');

insert into PORT(PONUMERO , PONOM , POCAP , POVILLE)
values(5,'MONTPELLIER',50,'MONTPELLIER');

REM Insertion des ENTRETIEN


INSERT INTO ENTRETIEN(ENNUMERO,ENDD,ENDF)
values(1,to_date('01-01-2019','DD,MM,YYYY'),to_date('02-01-2019','DD,MM,YYYY'));

INSERT INTO ENTRETIEN(ENNUMERO,ENDD,ENDF)
values(2,to_date('11-01-2019','DD,MM,YYYY'),to_date('12-01-2019','DD,MM,YYYY'));

INSERT INTO ENTRETIEN(ENNUMERO,ENDD,ENDF)
values(3,to_date('13-02-2019','DD,MM,YYYY'),to_date('15-02-2019','DD,MM,YYYY'));

INSERT INTO ENTRETIEN(ENNUMERO,ENDD,ENDF)
values(4,to_date('27-02-2019','DD,MM,YYYY'),to_date('28-02-2019','DD,MM,YYYY'));

INSERT INTO ENTRETIEN(ENNUMERO,ENDD,ENDF)
values(5,to_date('08-03-2019','DD,MM,YYYY'),to_date('08-03-2019','DD,MM,YYYY'));

INSERT INTO ENTRETIEN(ENNUMERO,ENDD,ENDF)
values(6,to_date('12-05-2019','DD,MM,YYYY'),to_date('13-05-2019','DD,MM,YYYY'));

INSERT INTO ENTRETIEN(ENNUMERO,ENDD,ENDF)
values(7,to_date('26-06-2019','DD,MM,YYYY'),to_date('29-06-2019','DD,MM,YYYY'));

INSERT INTO ENTRETIEN(ENNUMERO,ENDD,ENDF)
values(8,to_date('04-07-2019','DD,MM,YYYY'),to_date('05-07-2019','DD,MM,YYYY'));

INSERT INTO ENTRETIEN(ENNUMERO,ENDD,ENDF)
values(9,to_date('09-10-2019','DD,MM,YYYY'),to_date('10-10-2019','DD,MM,YYYY'));

INSERT INTO ENTRETIEN(ENNUMERO,ENDD,ENDF)
values(10,to_date('11-11-2019','DD,MM,YYYY'),to_date('12-11-2019','DD,MM,YYYY'));

INSERT INTO ENTRETIEN(ENNUMERO,ENDD,ENDF)
values(11,to_date('14-11-2019','DD,MM,YYYY'),to_date('15-11-2019','DD,MM,YYYY'));

INSERT INTO ENTRETIEN(ENNUMERO,ENDD,ENDF)
values(12,to_date('12-12-2019','DD,MM,YYYY'),to_date('13-12-2019','DD,MM,YYYY'));
